feature_set,scaler,n_features,k,inertia,silhouette,calinski_harabasz,davies_bouldin,min_cluster_size,min_cluster_pct,behavioural_separation,declared_separation,flag_redundancy,actionable,substantive,viable
behaviour_core,standard,6,2,9557.317958921125,0.19274600954906834,510.6535891191071,1.8246463455979098,997,0.4985,0.2035568367565724,0.0006966022501720438,0.0010503703794909496,True,True,True
behaviour_core,standard,6,3,8240.009157897504,0.20170644457794043,455.6599468352039,1.4806110032729363,50,0.025,0.31334926245691946,0.002394569303651022,0.0002191608373543066,True,True,True
behaviour_core,standard,6,4,7235.457193062444,0.18933583665893317,438.12147082959865,1.535576808130406,50,0.025,0.3970452339114632,0.0024810892534401223,-0.0020554214520858522,True,True,True
behaviour_core,standard,6,5,6476.351690277382,0.18447152020313318,425.38550466652276,1.5048652187368021,48,0.024,0.46030641882980633,0.004128808107411532,0.0005234274613357187,True,True,True
behaviour_core,standard,6,6,5881.119220882215,0.18776408472397008,414.92266404797016,1.4477486785002334,48,0.024,0.509906731593149,0.00424882355949703,0.0015549252919935413,True,True,True
behaviour_core,standard,6,7,5431.492577491368,0.18718227098194046,401.70407920540663,1.3795550093143336,48,0.024,0.5473771525366552,0.004546442065861638,0.0018454758161236104,True,True,True
behaviour_core,standard,6,8,5113.904871939502,0.17657814851361578,383.1877942476738,1.3730457685641788,48,0.024,0.5738412606717084,0.004237294595019707,0.0003227912959074527,True,True,True
behaviour_core,standard,6,9,4822.318080716506,0.1782169520668909,370.4329655907438,1.3989200481516968,47,0.0235,0.5981401599402912,0.005651319129430762,0.0011061983886815456,True,True,True
behaviour_core,standard,6,10,4621.82483957764,0.1820117070467361,352.9767060238636,1.3748465572281365,46,0.023,0.6148479300351967,0.005835488603126125,-0.00016970215084603424,True,True,True
behaviour_core,minmax,6,2,248.92901904352516,0.21986827588285685,613.5373457095033,1.6968535256306796,911,0.4555,0.13755491818441198,0.0005782997617480327,0.001769618487564719,True,True,True
behaviour_core,minmax,6,3,215.36619762552033,0.18429593268102593,510.0052058840093,1.610206425528301,594,0.297,0.27152287070768594,0.0009875349089969016,0.002330978677928049,True,True,True
behaviour_core,minmax,6,4,188.96494895594114,0.18820722062767303,480.2701151428717,1.5825219938735011,422,0.211,0.3300673862949495,0.001428114690245474,0.0018975393230736349,True,True,True
behaviour_core,minmax,6,5,170.85280434979546,0.1908136886441755,451.0607521289105,1.5431676910887866,330,0.165,0.3704781255682181,0.00224395994976539,0.00014169758538923452,True,True,True
behaviour_core,minmax,6,6,156.9249732804662,0.181604020650277,428.07748642834395,1.4582747215215708,301,0.1505,0.4280622395374687,0.0027334184185874174,0.00051719633957751,True,True,True
behaviour_core,minmax,6,7,146.07560981627356,0.20079180654039003,407.7019820181034,1.3962919385413268,170,0.085,0.4594637682128681,0.004121548758045168,0.0005625774059156196,True,True,True
behaviour_core,minmax,6,8,135.29894964305828,0.2120307939461692,399.77050658074046,1.2723542063270634,45,0.0225,0.5565799788208184,0.00533984790233594,-0.0005591927084916782,True,True,True
behaviour_core,minmax,6,9,126.0195887255548,0.19659975271529825,393.6936004720936,1.2890251330782876,44,0.022,0.5839347266742917,0.00529963355676627,-0.0006557430617051118,True,True,True
behaviour_core,minmax,6,10,119.3051538804558,0.1955990465720822,381.90323760536023,1.2639454967742303,44,0.022,0.5956959437523741,0.00579810553474653,-0.0011168640071814206,True,True,True
behaviour_core,log_standard,6,2,9443.6510418347,0.19824526596992098,540.8485760208717,1.7858370103417514,908,0.454,0.19872503161482566,0.001072505466606619,0.0036770182980634942,True,True,True
behaviour_core,log_standard,6,3,8131.1275870775025,0.18912265658266658,475.096358153641,1.721379225157177,601,0.3005,0.2962786874452699,0.0018265892601804059,0.0025451044081224814,True,True,True
behaviour_core,log_standard,6,4,7337.903944893969,0.17826569074839507,422.71579622165564,1.5874320753699733,437,0.2185,0.3650043077272371,0.0010781178730971742,0.0022093041759001053,True,True,True
behaviour_core,log_standard,6,5,6697.784392482672,0.17882323822590132,394.8319012949714,1.4692419522847495,77,0.0385,0.4440708320033601,0.004019375356621253,-0.00161194664709055,True,True,True
behaviour_core,log_standard,6,6,6116.821836660882,0.18183250895076217,383.5670735867678,1.3395345709463882,51,0.0255,0.5002468186837586,0.0030857696157485155,-0.0004453169045786655,True,True,True
behaviour_core,log_standard,6,7,5643.134231476156,0.19014198277528976,374.17839558029897,1.3586382176047915,50,0.025,0.526154981833079,0.003569527702771544,0.0001203694935510128,True,True,True
behaviour_core,log_standard,6,8,5263.369057975053,0.18517926768484125,364.22828230093126,1.3452390999254593,50,0.025,0.5496273659350863,0.004655713314875032,0.00029452111701099747,True,True,True
behaviour_core,log_standard,6,9,4928.757212480014,0.19540923651854922,357.06157886562073,1.3346172066104414,50,0.025,0.573653760278963,0.005325469565565376,-0.0003807896356538223,True,True,True
behaviour_core,log_standard,6,10,4662.39339158417,0.19915680082649595,347.98143653249303,1.270557597460059,50,0.025,0.5907389951118576,0.006344144394795743,0.000807668540660829,True,True,True
behaviour_wide,standard,10,2,15355.401075116235,0.21867988222165544,604.3416649634806,1.6515052090948734,916,0.458,0.19357316206286487,0.0008402621338848183,-0.001087862791976098,True,True,True
behaviour_wide,standard,10,3,12490.452643640483,0.22527672777819505,600.3227891913469,1.3282220288453164,42,0.021,0.3020601028774767,0.001544362106061992,-0.0002978246515615708,True,True,True
behaviour_wide,standard,10,4,10362.758928484285,0.2280404101368682,618.7579098387553,1.274469839460123,39,0.0195,0.37365936075307876,0.0021790291865407354,0.0019430446820558472,True,True,True
behaviour_wide,standard,10,5,9048.42929222898,0.22143429048796237,603.6512762708762,1.3017867346068808,39,0.0195,0.4124449339773937,0.002041632271605536,-0.0008485186883041001,True,True,True
behaviour_wide,standard,10,6,8403.467642315534,0.2103391844150709,550.3319940160145,1.3715338087364775,39,0.0195,0.4606841888203452,0.002229001345482169,8.68222107944083e-05,True,True,True
behaviour_wide,standard,10,7,7908.339333046259,0.18491704374211257,507.8748456610995,1.5144712923121573,38,0.019,0.4851750935025927,0.0028202793993688685,3.703072894173032e-05,True,True,True
behaviour_wide,standard,10,8,7435.429046764781,0.18534777609672132,480.876774461077,1.4556951629757107,38,0.019,0.52118357612555,0.0033790983049800014,0.0019509942327177545,True,True,True
behaviour_wide,standard,10,9,7080.398109871841,0.1912167193796899,454.1221934855074,1.4698485528991858,38,0.019,0.5558372576063314,0.004035685112948768,-0.0004864799236064603,True,True,True
behaviour_wide,standard,10,10,6773.010033284926,0.1936185883993449,431.8071926400838,1.482932606801858,38,0.019,0.5836448654485015,0.00475502171987922,-0.000332994458598875,True,True,True
behaviour_wide,minmax,10,2,365.5567892839655,0.19799278294133985,530.1099863690027,1.8252179012217322,959,0.4795,0.18827786139172595,0.00048434599370504014,8.040899455948196e-05,True,True,True
behaviour_wide,minmax,10,3,309.04913955180336,0.18993363521033738,495.9309899748714,1.5951759274879642,559,0.2795,0.2881791484961543,0.0014384033699623103,-0.00017298938229257755,True,True,True
behaviour_wide,minmax,10,4,278.61837406155604,0.16619503087894896,439.2153524464187,1.6408613131460106,418,0.209,0.34392913440878087,0.0021665493149626274,0.001921138704351739,True,True,True
behaviour_wide,minmax,10,5,249.9640425330897,0.17723168402416417,424.16287271645746,1.4555743107202506,38,0.019,0.4315182727824178,0.002802944376159914,0.0007623305743510713,True,True,True
behaviour_wide,minmax,10,6,229.89762934889805,0.180400946492108,403.5724180723768,1.409717884239865,38,0.019,0.48834332191958046,0.0032053833071908847,0.0008350427264591299,True,True,True
behaviour_wide,minmax,10,7,212.09503848489044,0.17118660897466287,392.2437675549279,1.440625228953013,38,0.019,0.5235906179664465,0.003663021021209398,0.002417503280740399,True,True,True
behaviour_wide,minmax,10,8,198.2759302060855,0.17536859376565161,379.2887715826775,1.436028455205629,38,0.019,0.5562250946100865,0.004243065695248811,0.0018237046565835239,True,True,True
behaviour_wide,minmax,10,9,188.0329123543372,0.17165554085427487,363.33826430596883,1.4714635152607736,38,0.019,0.5823311944974834,0.004549442931425322,0.0002617496166864958,True,True,True
behaviour_wide,minmax,10,10,180.0347750886283,0.16816988540426955,346.9703698091682,1.4783604659751306,38,0.019,0.5944677492303113,0.005271220783799908,0.0021604285406097157,True,True,True
behaviour_wide,log_standard,10,2,15051.527636301502,0.2500556143535594,656.8800205251997,1.5760024430475967,961,0.4805,0.15110074174611857,0.0007393389232772165,0.0011497727266616565,True,True,True
behaviour_wide,log_standard,10,3,12389.856361314029,0.2262426236417799,613.3023823386711,1.3739555083375325,453,0.2265,0.2793305882303068,0.0012301853927376854,0.0027953458437681993,True,True,True
behaviour_wide,log_standard,10,4,10437.693606986159,0.24204195511716892,609.5332385078062,1.2285947950044867,39,0.0195,0.3704516494155696,0.0021148081617334497,0.003207733494337406,True,True,True
behaviour_wide,log_standard,10,5,9023.937232323817,0.23364883245636028,606.6433270135602,1.249606062389878,38,0.019,0.41074779968798175,0.0022415774695612235,-0.0004825911849163786,True,True,True
behaviour_wide,log_standard,10,6,8336.583762376322,0.21227429269890719,557.9468194821358,1.3874765819008896,38,0.019,0.4488265197964922,0.002099668145422888,0.0014055674567744782,True,True,True
behaviour_wide,log_standard,10,7,7843.20331996632,0.21363479645875538,514.8511986513819,1.3035015997672825,38,0.019,0.49309626412562196,0.0027014042860226384,0.002199485931159301,True,True,True
behaviour_wide,log_standard,10,8,7393.712014005951,0.18766142011655887,485.1946321903706,1.427694314764541,38,0.019,0.5156017248749375,0.0035735949395423864,0.005004244212564181,True,True,True
behaviour_wide,log_standard,10,9,7023.444867679551,0.1921745220854483,459.82281051537973,1.3955863113327227,38,0.019,0.546227727721812,0.003905392456992171,0.0014119550010587318,True,True,True
behaviour_wide,log_standard,10,10,6697.9971755351025,0.1945948299497825,439.1194184529623,1.4073691223713394,38,0.019,0.5616452021142444,0.004593781651566282,0.0011209799380055426,True,True,True
behaviour_demo,standard,8,2,13554.346117282781,0.142188173697391,360.5055098481267,2.240878710706778,993,0.4965,0.2033059600220799,0.0011615594749281324,0.0011960783829860673,True,True,True
behaviour_demo,standard,8,3,12220.546785812154,0.14860102535409767,308.8064798170784,1.8282683290262753,50,0.025,0.31330449771962504,0.0025144378933683238,-0.0005500669420606979,True,True,True
behaviour_demo,standard,8,4,11211.72433127667,0.1320009736897095,284.1489245952434,1.919235300260627,49,0.0245,0.3915218752818479,0.008630889866792073,0.00011055360560477501,True,True,True
behaviour_demo,standard,8,5,10430.081690227436,0.12598025190945233,266.34467873841635,1.93078379629011,49,0.0245,0.45732513855871865,0.00861733557994606,0.00045801061240232786,True,True,True
behaviour_demo,standard,8,6,9808.120201818168,0.12200108458109288,251.76298951323642,1.8509548783889587,48,0.024,0.45227801017642766,0.06554762781892128,0.0008236409846917402,True,True,True
behaviour_demo,standard,8,7,9309.664428864295,0.12290755045006153,238.70962079528834,1.7985699262271038,47,0.0235,0.4927393478533304,0.06705198605427963,-0.0006024725445687006,True,True,True
behaviour_demo,standard,8,8,8885.07579940894,0.11918559099131187,227.87825205467257,1.7588662970950009,48,0.024,0.4820201760712511,0.11357209579975447,2.497296866112323e-05,True,True,True
behaviour_demo,standard,8,9,8537.784923241854,0.11833204560599223,217.52231918756343,1.7319474435739055,47,0.0235,0.48528646272924414,0.1401298206376517,0.0010475060709790238,True,True,True
behaviour_demo,standard,8,10,8245.178740416317,0.12105172550172387,207.9611854585501,1.694451980346636,47,0.0235,0.4968398190017997,0.15345598350635067,0.0006298612687307573,True,True,True
behaviour_demo,minmax,8,2,514.1606060288856,0.24222531919557747,727.2628782737161,1.5513697032598819,774,0.387,0.0006747214019494512,0.12493833210566353,-0.00013287214150378753,True,False,False
behaviour_demo,minmax,8,3,455.7384953266626,0.1868789869932301,538.0407078001168,1.8666986798295664,589,0.2945,0.00979173409544562,0.19874724287077153,0.0013303153443952932,True,False,False
behaviour_demo,minmax,8,4,418.22130198249266,0.15112376992636092,450.36002566676177,1.9571928755978283,435,0.2175,0.011780137953379075,0.24544815929119843,0.002457400693036299,True,False,False
behaviour_demo,minmax,8,5,391.69105121381205,0.1487385250794188,394.2510381268093,1.8952504288707732,312,0.156,0.06540323883922854,0.24208219588655452,-0.000947487555072152,True,False,False
behaviour_demo,minmax,8,6,368.33502785749,0.145193395336031,360.5182599756712,1.891074023949555,298,0.149,0.10471047859685205,0.2450471794396134,0.0010588632528095558,True,False,False
behaviour_demo,minmax,8,7,351.97558920622225,0.13837866440014965,329.6824298382991,1.8323825967440788,250,0.125,0.13911141570518934,0.24168928206382012,0.0011833991946182739,True,False,False
behaviour_demo,minmax,8,8,335.35139637262034,0.1394074059106114,310.546303317614,1.7710435931792334,190,0.095,0.14718124758626838,0.25448025770728394,0.0017577812688578125,True,False,False
behaviour_demo,minmax,8,9,323.8142918973366,0.13928959291401652,290.13519001699586,1.7196908562106048,176,0.088,0.18653677332093496,0.25261817242953866,0.0004094959600886221,True,False,False
behaviour_demo,minmax,8,10,312.58835184847726,0.13788528170138836,274.9663456300591,1.700335825976019,117,0.0585,0.22100983982245795,0.25424202474755736,5.7174886456166316e-05,True,False,False
behaviour_demo,log_standard,8,2,13435.911166632617,0.1471539004608876,381.2970408387798,2.190355153326339,933,0.4665,0.19829833368896652,0.0017804051603026812,0.003036711212471733,True,True,True
behaviour_demo,log_standard,8,3,12110.91616642839,0.13494606173318519,320.64049940215443,2.121617831750948,579,0.2895,0.2940244510471464,0.005388748995882891,0.0038514735151883007,True,True,True
behaviour_demo,log_standard,8,4,11306.307668230358,0.12498563936451057,276.2059954827123,2.0339949637555508,411,0.2055,0.36219143731123166,0.00771920379204466,0.001720739021827971,True,True,True
behaviour_demo,log_standard,8,5,10684.932584819679,0.10924725492476552,248.09607849911575,1.9207637913777706,340,0.17,0.3798377585306345,0.04284356354472177,0.0017139126304582617,True,True,True
behaviour_demo,log_standard,8,6,9996.333065976838,0.11763736014770286,239.51406555644564,1.7961653827352608,96,0.048,0.4324218019273825,0.06739019801086006,-0.0007860439684634686,True,True,True
behaviour_demo,log_standard,8,7,9486.761266967504,0.118582885677379,228.0526238905975,1.775236369395899,54,0.027,0.4730940866022501,0.06890966307018333,0.0012831442976997975,True,True,True
behaviour_demo,log_standard,8,8,9056.386095641828,0.1216787825277589,218.18351242362775,1.7652433507418488,53,0.0265,0.480614970494789,0.10297333357345871,-0.0009029620608116854,True,True,True
behaviour_demo,log_standard,8,9,8688.53084780982,0.12236776278659243,209.43033029686757,1.6641502695627495,51,0.0255,0.4867438104481961,0.12603164398458674,-0.0002104893348658635,True,True,True
behaviour_demo,log_standard,8,10,8406.66255647058,0.12145554592498678,199.71912371909033,1.6764067893456693,53,0.0265,0.49877882907631665,0.12587417628727587,0.000865845830328615,True,True,True
behaviour_demo_flags,standard,12,2,21537.23200557995,0.09801768728800574,228.47523328872234,2.846858816001723,998,0.499,0.20196385542248926,0.003271064663500209,0.004923338124858334,True,True,True
behaviour_demo_flags,standard,12,3,19640.29977982086,0.11322857354612828,221.64563413420086,2.2698599439950824,103,0.0515,0.1913821515912513,0.17192797784502253,0.042388797361492585,True,True,True
behaviour_demo_flags,standard,12,4,18424.387418466613,0.10328892116767234,201.34405665659935,2.2696708801292176,102,0.051,0.17339164213858715,0.2912427396558627,0.2430028016095067,True,False,False
behaviour_demo_flags,standard,12,5,17114.107434423633,0.11413595349846628,200.672978724752,2.00502082114194,50,0.025,0.2560735929874446,0.3177507874772527,0.25297684963077127,True,False,False
behaviour_demo_flags,standard,12,6,16009.250284822187,0.11798127384459334,199.05627207644088,1.9390322921567307,49,0.0245,0.24801859505171442,0.4178814928911279,0.43586486778423467,True,False,False
behaviour_demo_flags,standard,12,7,15298.545272759595,0.11210890146606843,188.92863081856834,1.8690018228563887,49,0.0245,0.24503470826956178,0.48008651900047195,0.5568656269829348,True,False,False
behaviour_demo_flags,standard,12,8,14782.027807552846,0.12058922215811078,177.45681103346863,2.0147060688432017,49,0.0245,0.2795790693159608,0.48858528005463486,0.5701277648314959,True,False,False
behaviour_demo_flags,standard,12,9,14312.019034987154,0.1159623355790686,168.46653548834763,1.9609260470451604,45,0.0225,0.3340351160836417,0.4732966310007623,0.4653786646735035,True,False,False
behaviour_demo_flags,standard,12,10,13882.072954857047,0.1126395873193776,161.15648566088052,1.8874606017673847,45,0.0225,0.38412910901154823,0.45903147808369765,0.3941440542695425,True,False,False
behaviour_demo_flags,minmax,12,2,1579.8701518760167,0.24440122762569122,588.6434543551898,1.7255187230303701,736,0.368,2.4456969291086706e-05,0.16695444727693431,0.3204048500105602,True,False,False
behaviour_demo_flags,minmax,12,3,1298.5817918511862,0.25577825756543787,574.1831713616283,1.485098092050792,502,0.251,0.0005493191633961647,0.28190058523317335,0.5746292793025972,True,False,False
behaviour_demo_flags,minmax,12,4,1115.550561835436,0.26068525464291015,554.5337216467525,1.3416263068031307,387,0.1935,0.0022039697073142285,0.38360094256278215,0.7643309622600247,True,False,False
behaviour_demo_flags,minmax,12,5,990.3426251863739,0.3022245795399614,531.303818282223,1.3619650513192636,234,0.117,0.002101425985766549,0.4154627273301057,0.8334297331052144,True,False,False
behaviour_demo_flags,minmax,12,6,900.9841511380332,0.3246014348225605,506.5165872125049,1.3051507947500378,115,0.0575,0.002903535553241757,0.45747469396678,0.8963998756905737,True,False,False
behaviour_demo_flags,minmax,12,7,831.7250004460889,0.2631756450171739,484.6766722371439,1.4417072865172234,172,0.086,0.00375922133720984,0.5054469171767332,0.7222855679015341,True,False,False
behaviour_demo_flags,minmax,12,8,767.048015228286,0.2864793889657541,474.2353869972728,1.3591372396669956,115,0.0575,0.003945138532269595,0.5319270234201185,0.7514402549909476,True,False,False
behaviour_demo_flags,minmax,12,9,731.7854523793461,0.26158612696685796,446.7256527947879,1.438907664779561,115,0.0575,0.004930370523928619,0.5553921650101142,0.6931401897820489,True,False,False
behaviour_demo_flags,minmax,12,10,697.6685575355061,0.2701421895461882,427.1171393313723,1.4259868022816176,57,0.0285,0.006800609004143859,0.5683278806514513,0.6879042843038643,True,False,False
behaviour_demo_flags,log_standard,12,2,21422.062674574187,0.10396620040022228,240.43990788591893,2.7756795309241755,897,0.4485,0.19655470235997874,0.0036960352884663956,0.009708798716753297,True,True,True
behaviour_demo_flags,log_standard,12,3,19529.967684164596,0.11879546129100847,228.53873163635006,2.2181761868877055,103,0.0515,0.18537039634103578,0.17310777303358868,0.05036543750517973,True,True,True
behaviour_demo_flags,log_standard,12,4,18298.209732536663,0.11429988299210216,207.32034335979355,2.188853465335012,103,0.0515,0.1662789482962194,0.2937457712664124,0.23306586870238272,True,False,False
behaviour_demo_flags,log_standard,12,5,17101.667874304898,0.11204979039114923,201.18173110237188,2.1438299519428967,103,0.0515,0.23697567854464144,0.3141651558910832,0.1657820914396346,True,False,False
behaviour_demo_flags,log_standard,12,6,16281.986879072532,0.12107645175852585,189.03980549094044,2.001796305254012,102,0.051,0.24983142326070862,0.3972418480872146,0.37618408122193736,True,False,False
behaviour_demo_flags,log_standard,12,7,15523.301012012595,0.11366093930488805,181.38389798649317,1.9272926340374283,91,0.0455,0.2432046288606149,0.4667056834389147,0.5742431988001763,True,False,False
behaviour_demo_flags,log_standard,12,8,15016.588313782926,0.10695756531977083,170.2398869552604,1.8800821615161514,93,0.0465,0.29630171902417574,0.45179773682392343,0.4920755671029651,True,False,False
behaviour_demo_flags,log_standard,12,9,14531.470197018543,0.10575376120496299,162.1639326763043,1.7940862508006878,72,0.036,0.35369725594146556,0.437962703474287,0.41262626079250475,True,False,False
behaviour_demo_flags,log_standard,12,10,14088.704991817793,0.11552680884746541,155.54995672646587,1.9156054861281713,53,0.0265,0.3800420100640856,0.45439595271905575,0.42046449522517815,True,False,False
prd_encoded,standard,26,2,23958.736330959306,0.08875643264155739,205.8880533014226,3.013239294057053,996,0.498,0.20111370119978111,0.0039989140038939166,0.006786495435592682,True,True,True
prd_encoded,standard,26,3,22061.054404156628,0.10229029891939415,197.63472291044215,2.4100956543508367,103,0.0515,0.19111551891619225,0.17219959794593817,0.04332116553555767,True,True,True
prd_encoded,standard,26,4,20316.216270125766,0.10646378909665125,200.14211987654699,2.2717222016321434,103,0.0515,0.15175356325164183,0.32621815247566727,0.21468137269465973,True,False,False
prd_encoded,standard,26,5,19025.954968819413,0.10936027415292954,194.02849674832254,2.0573832420907103,49,0.0245,0.2608819350405008,0.32439365942064013,0.21075013695941433,True,False,False
prd_encoded,standard,26,6,18067.058042871846,0.10597736413125583,184.5452484732659,2.0324331651902217,49,0.0245,0.24532535117432275,0.4203482223692161,0.43655061599041967,True,False,False
prd_encoded,standard,26,7,17359.258752906593,0.10001823071089092,173.52154129690763,1.9715218134387793,48,0.024,0.23849847370107366,0.48614516556006654,0.5624995103584549,True,False,False
prd_encoded,standard,26,8,16826.294849824422,0.10717315265010376,162.38043675813654,2.1532993379205987,48,0.024,0.28069168190822436,0.48750268822808507,0.5661879430753541,True,False,False
prd_encoded,standard,26,9,16432.07172664907,0.09639061336486325,151.38934546188833,2.118888122197368,46,0.023,0.3129851111304987,0.4882725824198218,0.47730120117635066,True,False,False
prd_encoded,standard,26,10,15987.594419105548,0.09688334605432825,144.38722105651698,2.2349416957194124,46,0.023,0.3297956499069319,0.5081861847150614,0.44915970878561773,True,False,False
prd_encoded,minmax,26,2,3648.8561810016954,0.19800750541861753,451.24247922203455,2.032743404607581,897,0.4485,0.000769895169458279,0.00020779965590413517,0.00041234324319664757,True,False,False
prd_encoded,minmax,26,3,3077.8510052760666,0.2043723127077173,452.5872365247559,1.697491881526428,462,0.231,0.0017054594658029061,0.1670948264598718,0.17294011388618535,True,False,False
prd_encoded,minmax,26,4,2844.2142522710274,0.23208619978201744,380.99989941732474,1.5857213139889026,148,0.074,0.0018705055810216622,0.16729089745101253,0.16562056746140044,True,False,False
prd_encoded,minmax,26,5,2633.792761359031,0.18305711929782514,348.27134416594566,1.6228907690367158,148,0.074,0.0025371558663152016,0.16765216961349652,0.13669467678219566,True,False,False
prd_encoded,minmax,26,6,2514.8001966029565,0.17657198226267842,310.5240896236783,2.0521948797892313,199,0.0995,0.002755324581900921,0.23881897024251772,0.28163779902955205,True,False,False
prd_encoded,minmax,26,7,2323.93692219892,0.19149370943672248,307.1628532334068,1.8722282840398619,148,0.074,0.0036599879862491483,0.2147477709948199,0.17784469430247488,True,False,False
prd_encoded,minmax,26,8,2185.6645036602295,0.18923177311346728,297.80104611169503,1.737785885760963,148,0.074,0.004693830663216006,0.23942537434193403,0.2086864412472412,True,False,False
prd_encoded,minmax,26,9,2113.8272718020407,0.1973765463193838,277.75406164598553,1.857105363326689,141,0.0705,0.00459311636633505,0.23975932516236198,0.20599940957708787,True,False,False
prd_encoded,minmax,26,10,2030.0082432883476,0.20625265941698773,266.08724117562423,1.6462701302060634,148,0.074,0.005563349481376001,0.28431294519856176,0.22775594066057156,True,False,False
prd_encoded,log_standard,26,2,23843.08565180635,0.0951949859216283,216.57799309628888,2.9380052776903303,895,0.4475,0.19419715973118734,0.006390602623357832,0.0154925615810321,True,True,True
prd_encoded,log_standard,26,3,21949.372988221185,0.1079680841057369,203.72064996017653,2.3592390318406813,103,0.0515,0.18448033022491872,0.17439514757044447,0.05229004708044294,True,True,True
prd_encoded,log_standard,26,4,20638.261823658726,0.09738248973454465,186.63630756492404,2.4617619782704936,103,0.0515,0.2401290393423859,0.21144101104435972,0.0805573882304306,True,True,True
prd_encoded,log_standard,26,5,19171.715438159707,0.09952855655829992,188.7613771125987,2.229955674717108,103,0.0515,0.22676417236923085,0.3265162728042216,0.17371552706606272,True,False,False
prd_encoded,log_standard,26,6,18389.94894736157,0.09582570423831764,174.30286686315867,2.1906418936361036,102,0.051,0.21857231092436527,0.41573963669837916,0.3692983125322295,True,False,False
prd_encoded,log_standard,26,7,17605.19190360922,0.09925946478323888,166.45740391411073,2.021503562574686,90,0.045,0.2346048452614364,0.4773167163796999,0.5529138653982586,True,False,False
prd_encoded,log_standard,26,8,17102.972216735317,0.09411472217096008,155.15002886948557,1.9721517944502023,83,0.0415,0.2892248671074477,0.4635710859431854,0.4638164300700991,True,False,False
prd_encoded,log_standard,26,9,16620.310535061773,0.10090744529060852,146.8560196085085,2.1455993398422764,80,0.04,0.32182170744143856,0.47314737863864503,0.45957832872829096,True,False,False
prd_encoded,log_standard,26,10,16161.70062051883,0.09988677372423174,140.4497934472107,2.058773482053124,53,0.0265,0.37811727076010776,0.4590295482559101,0.41130335587861705,True,False,False
prd_full,standard,83,2,25677.508115392535,0.13369201671234685,194.93197583472465,2.643432051632552,462,0.231,0.001137579339850256,0.16698928980196015,0.21564429028271978,True,False,False
prd_full,standard,83,3,23782.887805861,0.08935698941994451,184.7214483038985,2.7789185501490796,454,0.227,0.16107242210157388,0.16563507848359674,0.16881723051145472,True,False,False
prd_full,standard,83,4,21989.999818201555,0.1021409075404303,187.36734389963516,2.3584123336686424,102,0.051,0.1530950782351684,0.3248453456498687,0.2098968376628854,True,False,False
prd_full,standard,83,5,20700.098645709462,0.10166569946201515,180.2863838031,2.1429436314103483,49,0.0245,0.25993041997511357,0.32522166913138445,0.21330315151759108,True,False,False
prd_full,standard,83,6,19741.391193222407,0.09758114696070223,170.5245959007513,2.125169049295268,49,0.0245,0.24479848345871313,0.42079314494209386,0.43770893565531677,True,False,False
prd_full,standard,83,7,19033.124174813966,0.09163644166223592,159.6786254769265,2.0712773747106397,48,0.024,0.23980119182066476,0.4848517630324807,0.5600947659594685,True,False,False
prd_full,standard,83,8,18566.032092111003,0.08555715928832813,147.39972748908085,2.0487210822747737,48,0.024,0.29517612245542046,0.4695541752109731,0.46334892009080836,True,False,False
prd_full,standard,83,9,18069.81666263459,0.09509362855186228,139.28437354686798,2.357605812484018,48,0.024,0.2901508193884528,0.5134393247646994,0.5622738894155771,True,False,False
prd_full,standard,83,10,17625.156236839823,0.08983049782007023,132.4464610341377,2.161889577558284,45,0.0225,0.3836150463360331,0.45846071467967575,0.39245390170812944,True,False,False
prd_full,minmax,83,2,5384.570014688487,0.20624397864634664,312.9717877447132,2.2190845726885,462,0.231,0.001137579339850256,0.16698928980196015,0.21564429028271978,True,False,False
prd_full,minmax,83,3,4748.327260253177,0.14025136825930873,311.1571369955256,2.1190635275289043,462,0.231,0.0017054594658029061,0.1670948264598718,0.17294011388618535,True,False,False
prd_full,minmax,83,4,4533.461390745731,0.10930702225241791,248.69476985942106,2.3409306486202612,372,0.186,0.0020527598373000495,0.25057681538896576,0.33502084359818146,True,False,False
prd_full,minmax,83,5,4303.575781583244,0.11376457662099387,223.02800249821908,2.1475494385123475,148,0.074,0.0025371558663152016,0.16765216961349652,0.13669467678219566,True,False,False
prd_full,minmax,83,6,4097.716623302756,0.13088977408565755,207.32670146989136,2.3270354096083383,148,0.074,0.004637142547426954,0.16816949107092552,0.12895634614517365,True,False,False
prd_full,minmax,83,7,3959.257717289679,0.12083848287558249,190.34075626436345,2.417356606607196,148,0.074,0.004863176439265193,0.1685240374323643,0.11499648461407797,True,False,False
prd_full,minmax,83,8,3908.719142386002,0.106896705683639,168.8551947886781,2.4979568864623314,148,0.074,0.005031286731493859,0.21372105029797095,0.16676319070304357,True,False,False
prd_full,minmax,83,9,3765.4861160313544,0.11192681696144491,162.75821454214483,2.339597716185397,148,0.074,0.005008094411026699,0.2392832034551674,0.18660686150473713,True,False,False
prd_full,minmax,83,10,3690.628467894366,0.1041669898756938,152.01911195533344,2.276981367045004,128,0.064,0.005690377905683987,0.28596280782191347,0.2229656583865948,True,False,False
prd_full,log_standard,83,2,25593.606555791644,0.08913591750107579,202.12089672676072,3.053844923002098,902,0.451,0.19363207276145078,0.006552473922637844,0.01431976499540438,True,True,True
prd_full,log_standard,83,3,23689.537562889032,0.09236150044166495,189.38401334535126,2.704632982367164,451,0.2255,0.15840484804720487,0.16342568832320978,0.17070586952876818,True,False,False
prd_full,log_standard,83,4,21903.563926124698,0.10437909178178748,190.73227318510814,2.2994350955942227,103,0.0515,0.14889994107140805,0.32434190141093355,0.21553268443403165,True,False,False
prd_full,log_standard,83,5,20846.77809240632,0.09250206268543121,175.5086344251514,2.327983074616727,103,0.0515,0.2264327152437193,0.3263335977925497,0.17421628879969953,True,False,False
prd_full,log_standard,83,6,20033.078711091683,0.10028681084850283,162.2350623430251,2.1874288097150516,100,0.05,0.23767638500630303,0.4108431358201243,0.3830862245542057,True,False,False
prd_full,log_standard,83,7,19279.637974333815,0.09135572342783563,153.38978063950609,2.1265932625044353,95,0.0475,0.232669598760427,0.477914927053914,0.5553565985698891,True,False,False
prd_full,log_standard,83,8,18778.65891012788,0.0851066668812505,142.50860864892528,2.08284581004926,89,0.0445,0.2852221175017508,0.4641412803503997,0.4602543393448317,True,False,False
prd_full,log_standard,83,9,18301.11977407535,0.08996500781010919,134.37852778744946,2.260819355245034,73,0.0365,0.32306420049738255,0.4702928054538702,0.4865202155511079,True,False,False
prd_full,log_standard,83,10,17916.5477972836,0.08991263871605579,126.6962632940511,2.211246479316017,76,0.038,0.37181864683246535,0.44979335928956315,0.3924395343891407,True,False,False
